﻿<?xml version="1.0" encoding="utf-8"?><DEFECTS><DEFECT>
    <SFA>
      <FILEPATH>d:\cg04\p11\include\gl\</FILEPATH>
      <FILENAME>glut.h</FILENAME>
      <LINE>146</LINE>
      <COLUMN>28</COLUMN>
    </SFA>
    <DEFECTCODE>28251</DEFECTCODE>
    <DESCRIPTION>Inconsistent annotation for 'exit': this instance has no annotations. See c:\program files (x86)\windows kits\10\include\10.0.10240.0\ucrt\stdlib.h(50). </DESCRIPTION>
    <FUNCTION>exit</FUNCTION>
    <DECORATED>exit</DECORATED>
    <FUNCLINE>146</FUNCLINE>
    <PATH />
  </DEFECT><DEFECT>
    <SFA>
      <FILEPATH>d:\cg04\p11\</FILEPATH>
      <FILENAME>main_prac11new.cpp</FILENAME>
      <LINE>1259</LINE>
      <COLUMN>15</COLUMN>
    </SFA>
    <DEFECTCODE>6244</DEFECTCODE>
    <DESCRIPTION>Local declaration of 'font' hides previous declaration at line '61' of 'd:\cg04\p11\main_prac11new.cpp'.</DESCRIPTION>
    <FUNCTION>pintaTexto</FUNCTION>
    <DECORATED>?pintaTexto@@YAXMMMPAXPAD@Z</DECORATED>
    <FUNCLINE>1259</FUNCLINE>
    <PATH>
      <SFA>
        <FILEPATH>d:\cg04\p11\</FILEPATH>
        <FILENAME>main_prac11new.cpp</FILENAME>
        <LINE>61</LINE>
        <COLUMN>8</COLUMN>
      </SFA>
    </PATH>
  </DEFECT><DEFECT>
    <SFA>
      <FILEPATH>d:\cg04\p11\</FILEPATH>
      <FILENAME>texture.cpp</FILENAME>
      <LINE>126</LINE>
      <COLUMN>7</COLUMN>
    </SFA>
    <DEFECTCODE>6340</DEFECTCODE>
    <DESCRIPTION>Mismatch on sign: 'int' passed as _Param_(3) when some unsigned type is required in call to 'printf'.</DESCRIPTION>
    <FUNCTION>CTexture::LoadBMP</FUNCTION>
    <DECORATED>?LoadBMP@CTexture@@QAE_NPAD@Z</DECORATED>
    <FUNCLINE>75</FUNCLINE>
    <PATH />
  </DEFECT></DEFECTS>